-- super admin
INSERT INTO SUPERADMIN (ID_SUPERADMIN, password, username) VALUES (1, '$2a$10$sb2EdlqFkwUVaNXFJZqBCuFCIQEGXPJmlauuQYm7PmEHlnaDWgXUq', 'admin');

-- #data divisi
insert into DIVISI (ID_DIVISI, DIVISI_NAME) VALUES (1, 'DIGITAL ENTERPRISE');
INSERT INTO DIVISI (ID_DIVISI, DIVISI_NAME) VALUES (2, 'CORE BANKING SYSTEM');
INSERT INTO DIVISI (ID_DIVISI, DIVISI_NAME) VALUES (3, 'IT OPERATION MANAGEMENT');

-- #data user divisi
INSERT INTO USER_DIVISI (ID_DIVISI, ID_USER_DIVISI, USERNAME, PASSWORD)
VALUES (1, 1, 'user_de', '12345678');
INSERT INTO USER_DIVISI (ID_DIVISI, ID_USER_DIVISI, USERNAME, PASSWORD)
VALUES (2, 2, 'user_cbs', '12345678');
INSERT INTO USER_DIVISI (ID_DIVISI, ID_USER_DIVISI, USERNAME, PASSWORD)
VALUES (3, 3, 'user_iom', '12345678');

-- #data department
INSERT INTO DEPARTMENT (DEPARTMENT_NAME, ID_DEPARTMENT, ID_DIVISI)
VALUES ('Card & Digital Transaction', 1, 1);
INSERT INTO DEPARTMENT (DEPARTMENT_NAME, ID_DEPARTMENT, ID_DIVISI)
VALUES ('Datacenter Operation', 2, 1);
INSERT INTO DEPARTMENT (DEPARTMENT_NAME, ID_DEPARTMENT, ID_DIVISI)
VALUES ('Digital Channel', 3, 1);
INSERT INTO DEPARTMENT (DEPARTMENT_NAME, ID_DEPARTMENT, ID_DIVISI)
VALUES ('Business app conventional', 4, 2);

-- #data user department

INSERT INTO USER_DEPARTMENT (ID_DEPARTMENT, ID_USER_DEPARTMENT, USERNAME, PASSWORD)
VALUES (1, 1, 'usercdt', '12345678');
INSERT INTO USER_DEPARTMENT (ID_DEPARTMENT, ID_USER_DEPARTMENT, USERNAME, PASSWORD)
VALUES (2, 2, 'userdco', '12345678');
INSERT INTO USER_DEPARTMENT (ID_DEPARTMENT, ID_USER_DEPARTMENT, USERNAME, PASSWORD)
VALUES (3, 3, 'userdch', '12345678');
INSERT INTO USER_DEPARTMENT (ID_DEPARTMENT, ID_USER_DEPARTMENT, USERNAME, PASSWORD)
VALUES (4, 4, 'userbac', '12345678');

-- #data bank
INSERT INTO BANK (BANK_NAME, ID_BANK)
VALUES ('Bank Aceh', 1);
INSERT INTO BANK (BANK_NAME, ID_BANK)
VALUES ('Bank IBK', 2);
INSERT INTO BANK (BANK_NAME, ID_BANK)
VALUES ('Bank DKI', 3);

-- #data product
INSERT INTO PRODUCT (ID_PRODUCT, ID_DEPARTMENT, PRODUCT_NAME)
VALUES (1, 1, 'SWITCHING');
INSERT INTO PRODUCT (ID_PRODUCT, ID_DEPARTMENT, PRODUCT_NAME)
VALUES (2, 1, 'MIDDLEWARE');
INSERT INTO PRODUCT (ID_PRODUCT, ID_DEPARTMENT, PRODUCT_NAME)
VALUES (3, 4, 'CONVENTIONAL BANK APP');

-- #data server app
INSERT INTO SERVER_APP (ID_SERVER_APP, IP_ADDRESS)
VALUES (1, '192.168.100.100');
INSERT INTO SERVER_APP (ID_SERVER_APP, IP_ADDRESS)
VALUES (2, '192.168.10.100');
INSERT INTO SERVER_APP (ID_SERVER_APP, IP_ADDRESS)
VALUES (3, '192.168.1.200');

-- #DATA SERVER APP PATH
INSERT INTO SERVER_APP_PATH (ID_SERVER_APP_PATH, ID_SERVER_APP, PATH)
VALUES (1, 1, '/');
INSERT INTO SERVER_APP_PATH (ID_SERVER_APP_PATH, ID_SERVER_APP, PATH)
VALUES (2, 1, '/some-path');
INSERT INTO SERVER_APP_PATH (ID_SERVER_APP_PATH, ID_SERVER_APP, PATH)
VALUES (3, 2, '/');

-- #DATA BACKUP APP
INSERT INTO BACKUP_APP (ID_BACKUP_APP, ID_SERVER_APP, DIRECTORY)
VALUES (1, 1, '/backup/product');
INSERT INTO BACKUP_APP (ID_BACKUP_APP, ID_SERVER_APP, DIRECTORY)
VALUES (2, 1, '/some-path');
INSERT INTO BACKUP_APP (ID_BACKUP_APP, ID_SERVER_APP, DIRECTORY)
VALUES (3, 2, '/backup/product');

-- #DATA SERVER DB
INSERT INTO SERVER_DB (ID_SERVER_DB, IP_ADDRESS)
VALUES (1, '192.168.200.100');
INSERT INTO SERVER_DB (ID_SERVER_DB, IP_ADDRESS)
VALUES (2, '192.168.20.100');
INSERT INTO SERVER_DB (ID_SERVER_DB, IP_ADDRESS)
VALUES (3, '192.168.2.100');

-- #DATA SERVER DB PATH
INSERT INTO SERVER_DB_PATH (ID_SERVER_DB_PATH, ID_SERVER_DB, PATH)
VALUES (1, 1, '/');
INSERT INTO SERVER_DB_PATH (ID_SERVER_DB_PATH, ID_SERVER_DB, PATH)
VALUES (2, 1, '/some-path');
INSERT INTO SERVER_DB_PATH (ID_SERVER_DB_PATH, ID_SERVER_DB, PATH)
VALUES (3, 2, '/');

-- #DATA BACKUP DB
INSERT INTO BACKUP_DB (ID_BACKUP_DB, ID_SERVER_DB, DIRECTORY)
VALUES (1, 1, '/backup/product');
INSERT INTO BACKUP_DB (ID_BACKUP_DB, ID_SERVER_DB, DIRECTORY)
VALUES (2, 1, '/some-path');
INSERT INTO BACKUP_DB (ID_BACKUP_DB, ID_SERVER_DB, DIRECTORY)
VALUES (3, 2, '/backup/product');

-- #data subproduct
INSERT INTO SUBPRODUCT (SUBPRODUCT_NAME, ID_SUBPRODUCT, ID_PRODUCT)
VALUES ('Ecardman', 1, 1);
INSERT INTO SUBPRODUCT (SUBPRODUCT_NAME, ID_SUBPRODUCT, ID_PRODUCT)
VALUES ('emware-ws', 2, 1);
INSERT INTO SUBPRODUCT (SUBPRODUCT_NAME, ID_SUBPRODUCT, ID_PRODUCT)
VALUES ('ATM&HOST', 3, 1);

-- #DATA MODULE
INSERT INTO MODULE (ID_SUBPRODUCT, ID_MODULE, MODULE_NAME, PROFILE)
VALUES (3, 1, 'TCP', 'AD001015');
INSERT INTO MODULE (ID_SUBPRODUCT, ID_MODULE, MODULE_NAME, PROFILE)
VALUES (3, 2, 'NDC','AD001016');
INSERT INTO MODULE (ID_SUBPRODUCT, ID_MODULE, MODULE_NAME, PROFILE)
VALUES (3, 3, 'TCP','AD001017');
INSERT INTO MODULE (ID_SUBPRODUCT, ID_MODULE, MODULE_NAME, PROFILE)
VALUES (3, 4, 'NDC','AD001018');
INSERT INTO MODULE (ID_SUBPRODUCT, ID_MODULE, MODULE_NAME, PROFILE)
VALUES (1, 5, 'Ecardman','001');

-- #DATA OPERATOR
INSERT INTO OPERATOR (ID_OPERATOR, NAME, USERNAME, PASSWORD)
VALUES (1, 'OPERATOR1', 'optr1', '12345678');
INSERT INTO OPERATOR (ID_OPERATOR, NAME, USERNAME, PASSWORD)
VALUES (2, 'OPERATOR2', 'optr2', '12345678');
INSERT INTO OPERATOR (ID_OPERATOR, NAME, USERNAME, PASSWORD)
VALUES (3, 'OPERATOR3', 'optr3', '12345678');

-- #DATA SUPERVISOR
INSERT INTO SUPERVISOR (ID_SUPERVISOR, NAME, USERNAME, PASSWORD)
VALUES (1, 'SUPERVISOR1', 'spv1', '12345678');
INSERT INTO SUPERVISOR (ID_SUPERVISOR, NAME, USERNAME, PASSWORD)
VALUES (2, 'SUPERVISOR2', 'spv2', '12345678');
INSERT INTO SUPERVISOR (ID_SUPERVISOR, NAME, USERNAME, PASSWORD)
VALUES (3, 'SUPERVISOR3', 'spv3', '12345678');

-- #DATA MANAGER
INSERT INTO MANAGER (ID_MANAGER, NAME, USERNAME, PASSWORD)
VALUES (1, 'MANAGER1', 'MGR1', '12345678');
INSERT INTO MANAGER (ID_MANAGER, NAME, USERNAME, PASSWORD)
VALUES (2, 'MANAGER2', 'MGR2', '12345678');
INSERT INTO MANAGER (ID_MANAGER, NAME, USERNAME, PASSWORD)
VALUES (3, 'MANAGER3', 'MGR3', '12345678');

-- #DATA EVENT MONITORING
INSERT INTO EVENT_MONITORING (APPROVAL_STATUS, ID_MONITORING, ID_MANAGER, ID_OPERATOR, ID_SUPERVISOR, OPERATOR_NOTES, DATE_MON, TIME_MON)
VALUES ('Approved', 1, 1, 1, 1, 'All tasks completed', '2024-07-07', '08:00:00');
INSERT INTO EVENT_MONITORING (APPROVAL_STATUS, ID_MONITORING, ID_MANAGER, ID_OPERATOR, ID_SUPERVISOR, OPERATOR_NOTES, DATE_MON, TIME_MON)
VALUES ('REJECTED', 2, 2, 2, 2, 'THERE IS SOME ERROR', '2024-07-07', '10:00:00');
INSERT INTO EVENT_MONITORING (APPROVAL_STATUS, ID_MONITORING, ID_MANAGER, ID_OPERATOR, ID_SUPERVISOR, OPERATOR_NOTES, DATE_MON, TIME_MON)
VALUES ('WAITING', 3, 3, 3, 3, 'All tasks completed', '2024-07-07', '16:00:00');

-- #DATA DETAIL MONITORING
INSERT INTO DETAIL_MONITORING (ID_DTL_MON, ID_PRODUCT, ID_SUBPRODUCT, ID_MONITORING, ID_BANK)
VALUES (1, 1, 1, 1, 1);
INSERT INTO DETAIL_MONITORING (ID_DTL_MON, ID_PRODUCT, ID_SUBPRODUCT, ID_MONITORING, ID_BANK)
VALUES (2, 1, 2, 1, 1);
INSERT INTO DETAIL_MONITORING (ID_DTL_MON, ID_PRODUCT, ID_SUBPRODUCT, ID_MONITORING, ID_BANK)
VALUES (3, 1, 3, 1, 1);
INSERT INTO DETAIL_MONITORING (ID_DTL_MON, ID_PRODUCT, ID_SUBPRODUCT, ID_MONITORING, ID_BANK)
VALUES (4, 1, 3, 2, 1);

-- SELECT * FROM SUBPRODUCT;

-- #DATA MODULE MONITORING
INSERT INTO MODULE_MONITORING (ID_MODULE_MON, ID_SUBPRODUCT, ID_MODULE, ID_DTL_MON,  STATUS, OPERATOR_NOTES, PERFORMA, LOG)
VALUES (1, 3, 1, 1, 'OK', 'Module running smoothly', '<=2 DETIK', 'No issues detected');
INSERT INTO MODULE_MONITORING (ID_MODULE_MON, ID_SUBPRODUCT, ID_MODULE, ID_DTL_MON,  STATUS, OPERATOR_NOTES, PERFORMA, LOG)
VALUES (2, 3, 2, 1,  'OK', 'Module running smoothly', '<=2 DETIK', 'No issues detected');
INSERT INTO MODULE_MONITORING (ID_MODULE_MON, ID_SUBPRODUCT, ID_MODULE, ID_DTL_MON,  STATUS, OPERATOR_NOTES, PERFORMA, LOG)
VALUES (3, 3, 1, 4,  'NOK', 'THERE ARE SOME PROBLEM', '>=5 DETIK', 'No issues detected');
INSERT INTO MODULE_MONITORING (ID_MODULE_MON, ID_SUBPRODUCT, ID_MODULE, ID_DTL_MON,  STATUS, OPERATOR_NOTES, PERFORMA, LOG)
VALUES (4, 3, 1, 3,  'OK', 'Module running smoothly', '<=2 DETIK', 'No issues detected');

-- #DATA SERVER APP MON
INSERT INTO SERVER_APP_MONITORING (ID_SERVER_APP_MON, ID_SERVER_APP, ID_DTL_MON, RAM_USAGE, CPU_USAGE, DISK_USAGE, OPERATOR_NOTES, LOG)
VALUES (1, 1, 1, 60, 65, 30, 'OK', 'NORMAL');
INSERT INTO SERVER_APP_MONITORING (ID_SERVER_APP_MON, ID_SERVER_APP, ID_DTL_MON, RAM_USAGE, CPU_USAGE, DISK_USAGE, OPERATOR_NOTES, LOG)
VALUES (2, 2, 1, 70, 75, 40, 'NOK', 'CPU IS HIGH');
INSERT INTO SERVER_APP_MONITORING (ID_SERVER_APP_MON, ID_SERVER_APP, ID_DTL_MON, RAM_USAGE, CPU_USAGE, DISK_USAGE, OPERATOR_NOTES, LOG)
VALUES (3, 1, 2, 65, 70, 32, 'OK', 'NORMAL');
INSERT INTO SERVER_APP_MONITORING (ID_SERVER_APP_MON, ID_SERVER_APP, ID_DTL_MON, RAM_USAGE, CPU_USAGE, DISK_USAGE, OPERATOR_NOTES, LOG)
VALUES (4, 1, 3, 60, 65, 33, 'OK', 'NORMAL');

-- #DATA SERVER DB MON
INSERT INTO SERVER_DB_MONITORING (ID_SERVER_DB_MON, ID_DTL_MON, ID_SERVER_DB, RAM_USAGE, CPU_USAGE, DISK_USAGE, OPERATOR_NOTES, LOG)
VALUES (1, 1, 1, 60, 65, 30, 'OK', 'NORMAL');
INSERT INTO SERVER_DB_MONITORING (ID_SERVER_DB_MON, ID_DTL_MON, ID_SERVER_DB, RAM_USAGE, CPU_USAGE, DISK_USAGE, OPERATOR_NOTES, LOG)
VALUES (2, 2, 1, 70, 75, 40, 'NOK', 'CPU IS HIGH');
INSERT INTO SERVER_DB_MONITORING (ID_SERVER_DB_MON, ID_DTL_MON, ID_SERVER_DB, RAM_USAGE, CPU_USAGE, DISK_USAGE, OPERATOR_NOTES, LOG)
VALUES (3, 1, 2, 65, 70, 32, 'OK', 'NORMAL');
INSERT INTO SERVER_DB_MONITORING (ID_SERVER_DB_MON, ID_DTL_MON, ID_SERVER_DB, RAM_USAGE, CPU_USAGE, DISK_USAGE, OPERATOR_NOTES, LOG)
VALUES (4, 1, 3, 60, 65, 33, 'OK', 'NORMAL');

-- #DATA PATH APP USE MON
INSERT INTO PATH_APP_USE_MONITORING (ID_PATH_APP_USE_MON, ID_DTL_MON, ID_SERVER_APP_PATH, USAGE)
VALUES (1, 2, 1, 50);
INSERT INTO PATH_APP_USE_MONITORING (ID_PATH_APP_USE_MON, ID_DTL_MON, ID_SERVER_APP_PATH, USAGE)
VALUES (2, 3, 3, 60);
INSERT INTO PATH_APP_USE_MONITORING (ID_PATH_APP_USE_MON, ID_DTL_MON, ID_SERVER_APP_PATH, USAGE)
VALUES (3, 3, 2, 20);
INSERT INTO PATH_APP_USE_MONITORING (ID_PATH_APP_USE_MON, ID_DTL_MON, ID_SERVER_APP_PATH, USAGE)
VALUES (4, 4, 1, 80);

-- #DATA PATH DB USE MON
INSERT INTO PATH_DB_USE_MONITORING (ID_PATH_DB_USE_MON, ID_DTL_MON, ID_SERVER_DB_PATH, USAGE)
VALUES (1, 2, 1, 70);
INSERT INTO PATH_DB_USE_MONITORING (ID_PATH_DB_USE_MON, ID_DTL_MON, ID_SERVER_DB_PATH, USAGE)
VALUES (2, 3, 3, 50);
INSERT INTO PATH_DB_USE_MONITORING (ID_PATH_DB_USE_MON, ID_DTL_MON, ID_SERVER_DB_PATH, USAGE)
VALUES (3, 3, 2, 70);
INSERT INTO PATH_DB_USE_MONITORING (ID_PATH_DB_USE_MON, ID_DTL_MON, ID_SERVER_DB_PATH, USAGE)
VALUES (4, 4, 1, 85);

-- #DATA BACKUP APP MON
INSERT INTO BACKUP_APP_MONITORING (ID_BACKUP_APP_MON, ID_BACKUP_APP, ID_DTL_MON, STATUS, LOG, OPERATOR_NOTES)
VALUES (1, 1, 1, 'OK', 'BACKUP DONE', 'ALL BACKUP COMPLETED');
INSERT INTO BACKUP_APP_MONITORING (ID_BACKUP_APP_MON, ID_BACKUP_APP, ID_DTL_MON, STATUS, LOG, OPERATOR_NOTES)
VALUES (2, 1, 1, 'OK', 'BACKUP DONE', 'ALL BACKUP COMPLETED');
INSERT INTO BACKUP_APP_MONITORING (ID_BACKUP_APP_MON, ID_BACKUP_APP, ID_DTL_MON, STATUS, LOG, OPERATOR_NOTES)
VALUES (3, 2, 3, 'OK', 'BACKUP DONE', 'ALL BACKUP COMPLETED');
INSERT INTO BACKUP_APP_MONITORING (ID_BACKUP_APP_MON, ID_BACKUP_APP, ID_DTL_MON, STATUS, LOG, OPERATOR_NOTES)
VALUES (4, 3, 4, 'NOK', 'BACKUP NOT DONE', 'BACKUP INCOMPLETED');

-- #DATA BACKUP DB MON
INSERT INTO BACKUP_DB_MONITORING (ID_BACKUP_DB_MON, ID_BACKUP_DB, ID_DTL_MON, STATUS, LOG, OPERATOR_NOTES)
VALUES (1, 1, 1, 'OK', 'BACKUP DONE', 'ALL BACKUP COMPLETED');
INSERT INTO BACKUP_DB_MONITORING (ID_BACKUP_DB_MON, ID_BACKUP_DB, ID_DTL_MON, STATUS, LOG, OPERATOR_NOTES)
VALUES (2, 1, 2, 'OK', 'BACKUP DONE', 'ALL BACKUP COMPLETED');
INSERT INTO BACKUP_DB_MONITORING (ID_BACKUP_DB_MON, ID_BACKUP_DB, ID_DTL_MON, STATUS, LOG, OPERATOR_NOTES)
VALUES (3, 2, 3, 'OK', 'BACKUP DONE', 'ALL BACKUP COMPLETED');
INSERT INTO BACKUP_DB_MONITORING (ID_BACKUP_DB_MON, ID_BACKUP_DB, ID_DTL_MON, STATUS, LOG, OPERATOR_NOTES)
VALUES (4, 3, 4, 'NOK', 'BACKUP NOT DONE', 'BACKUP INCOMPLETED');
